"PC1","PC2","PC3","PC4","PC5","PC6","PC7","PC8","PC9","PC10","PC11","PC12","PC13","PC14","PC15","PC16","PC17","PC18","PC19","PC20","PC21","PC22","PC23","PC24","PC25","PC26","PC27","PC28","PC29","PC30","PC31","PC32","PC33","PC34","PC35","PC36","PC37","PC38","PC39","PC40","PC41","PC42","PC43","PC44","PC45","PC46","PC47","Class"
-4764.7013955742,1103.16956743171,-233.013805185345,490.263091896967,-1320.86410150406,-441.019092449437,283.918775063169,-738.699651156151,859.341784402554,845.664119644837,39.5801367792258,304.988431854192,644.210035156788,-368.525513426586,972.890097545104,-179.323103332167,244.355627591805,243.731417027674,226.945863827387,-392.910861048162,299.83320475341,262.90250602464,183.218956909148,173.54999611533,125.308583175578,-586.21885670481,118.786459532851,-160.328475061873,-78.9848848409255,-19.739076756285,-262.424057984438,341.37327504639,-110.016902635098,110.789244389617,-319.679756559627,42.2995417599905,407.140862697816,25.8879999570151,-209.784276645746,-11.0409329209868,-19.0826281078972,184.300490744958,117.204271836002,214.367789793562,-62.6450102855503,-136.009198116175,32.0223588070207,0
598.593736065382,1302.64886837165,-4171.37319560328,2101.0050287608,1917.55305391081,-584.727046769973,798.545660880952,853.717932450513,1047.77680478005,-374.752295825744,907.073505157971,-250.059005618749,654.03851051732,-338.903573871847,-226.414279418125,-704.382521460242,-348.657999786125,8.29562066530823,-380.440160155267,36.6573072975876,412.925647494518,699.37881403147,-493.789271811528,-97.3230531326348,456.384901832108,899.508099805486,42.9525029037738,-176.831611773008,138.735903047705,160.579848672626,-223.652496745768,338.415283682749,422.834483888818,221.796305867491,-225.940402702897,-76.800345074816,135.505180628501,99.1290927520688,-135.409514080049,-257.43570877796,-202.640691050398,-73.5544564881947,-308.396954010844,-2.28521092544783,95.7936753968728,-219.429518733135,-184.95134623959,0
4604.84135025145,2402.56964489907,-500.462277515102,-1864.43365923532,-396.413004702069,84.0991490130103,-367.031043392284,-1089.96620390253,-471.142509282472,58.2556537234099,-276.587218069544,-144.083475996518,708.422689826972,148.883409698767,89.4834292645255,321.831353502831,36.4422436800895,-261.931651690869,271.207003420348,12.5337103293441,146.679712700326,456.236614273359,69.817054297475,15.549709392372,233.919259851541,28.8989212238545,-89.5622773968248,-245.656641371072,-239.00449711411,33.7138206528063,-143.860046243929,324.633108324786,396.213373537268,155.076250599056,210.147340408061,117.838836483933,-197.441303931514,-107.325488106995,1.32860030042165,25.5920497761108,150.645668539506,-88.0579883522638,180.237607065317,160.083274099745,119.767058117515,14.3260172406325,27.5997026971719,0
-5169.13219118703,1101.71030834911,308.910825864079,137.689256543291,-314.603334202795,-374.194146271021,289.906212060465,179.196073195612,28.8400299272763,-1009.81765105839,-267.34857586909,-634.083339044884,-151.985803711244,373.265800688088,-354.000943300841,82.6200697895487,20.7727723475011,-4.28572531992773,173.643765413638,-168.665887829221,-234.532441790403,-55.8445885971014,-270.248613859055,79.2622804528773,-128.940272271404,67.2074802413225,-106.283675248908,79.5002194080727,73.6568430298239,56.7473177804529,-16.6790306135452,-103.428984753962,116.442761827149,-283.260319831203,281.497919575058,-194.29810544973,-92.2027776835461,150.462441510322,-131.761346107838,135.298723461245,-53.8207428117251,-45.7568075648369,-107.154490953658,32.1897928021206,-13.6697019643022,163.212671065141,97.9314362267754,1
-4090.52238315777,1382.13254889932,1033.45014766677,-855.325809387723,12.7298842955348,476.495551634824,-366.150632201114,-483.247998833613,-804.894779982023,390.600851493508,1043.40437756676,715.829048986188,-133.08352410431,422.14939293199,980.826869267143,340.543382565788,-480.902872091119,71.2250670397853,-125.30968530643,-581.24029889138,-5.51478170936872,314.971173438317,-3.25714019120073,539.060945624099,163.815816445464,-33.7162625309712,-84.2757088818582,-43.6204352512095,-39.0930749462018,40.713200403477,113.928540772308,-101.927367859777,-85.205314856529,9.87796501272629,142.474836703375,-240.802151289928,99.4703741699004,-155.061604124017,-133.891163052199,-95.7198445081949,31.5337903662792,-84.0890392232499,-73.0134624769238,203.947165337389,182.451346611112,161.825033939419,-75.5980421048211,1
668.724557757179,-5415.89570089181,-710.111971985051,64.035952707933,-70.050190975147,15.5544650125258,33.6217526062643,223.12097363423,269.487404927996,52.7219083503959,128.878017305336,-202.600663149159,-17.4995386987052,110.926299248651,-128.359070343088,76.1137099238669,294.25768171506,-213.130466151105,-159.810404622951,-116.260401458951,27.5778618421136,125.204100091361,455.014526865591,-25.9463945482101,163.803372688643,161.035799273261,-188.916470735706,329.660281313753,119.230484138925,-118.906029564605,-148.01916901851,-38.5463944498972,-0.741183793168342,-114.079995515502,175.576929945011,78.8304837639496,-79.9533131345022,163.10494183058,-7.40720911953399,-81.1519113757177,-87.0520651189568,-40.6848497218522,10.9017713978422,191.439895051097,40.0758900862065,-7.01332480156747,63.6255875867563,1
4769.93784348939,2334.44332747044,-396.534279330664,-1755.06638433111,-338.494625270936,-769.84716908347,-765.164790691926,-943.023929552024,-536.596094534293,46.0427553103823,-619.655833670792,-244.32231815529,832.414772952019,-82.4660988734684,180.56580827962,286.48269235932,269.204960859767,-306.441325850206,56.8962300669534,396.166148679232,-75.4482531789468,-151.772398673102,-135.628702673382,215.61720665804,-30.0006970834025,240.525639725728,-278.418220937343,10.798239080781,31.1509010644987,-293.233972981324,-128.992046071415,-273.019416588078,-188.42147602161,77.8196905622856,-131.299398212358,68.6465677630746,-127.300467724371,-53.9496112941631,-50.5928747366778,63.5845492994355,214.661657300772,-95.0076604164267,10.6306259849029,21.6540027295565,38.8536147970941,-287.095285015974,153.747584114961,0
3124.54374407211,1848.679804523,-2245.56092926397,-953.961279432595,-60.282896655025,925.659361088076,84.0704888788296,1167.08285465914,1077.50909261721,485.09132488273,404.605778655546,-1134.52509257963,1100.75258175343,-699.772369092642,340.187326968963,457.75874916061,-146.048082631384,598.922575690706,900.696753954236,162.507810767036,266.957780797939,569.125315378009,75.9939250539272,249.827908549475,-121.194649510551,242.464587667371,-6.19521495275737,-63.7327548684114,1.80945802980079,266.694525157859,-78.3365542876201,-102.331900648071,332.928823051397,-73.0925534757801,206.0807055454,-118.74995664871,-288.072538267738,-218.950442961079,119.843199883553,186.424932516163,-7.85710891149045,26.3752661824757,143.421569613842,14.1556652538207,-105.691807833655,-75.0007460080242,-80.8061167386975,1
5389.34529764054,2676.02866567821,-174.482021479904,-1107.86311587091,-351.987911692471,-261.268365871793,-129.208714163819,-1039.61294681768,-417.442221279649,1.66051396469475,353.49209174227,432.265255816276,-754.26571956682,454.579336873067,-61.0789516808215,-440.480878035077,659.983404374754,-231.661345195974,165.413294853918,-117.415746113978,0.306762609384186,54.3002987894315,75.2554813592897,-194.037109176666,-32.1838514798044,113.134939792964,394.095910346569,113.91952873272,-412.699994717062,7.46350724885951,-268.801832005684,156.53439496895,111.420164277236,-32.2184815037298,41.2308159575012,-213.534187975981,-92.4612060956648,76.6901315844873,70.4038996851903,-217.24994910895,8.18332588209955,-230.180228008484,160.247299767232,-139.8416225875,-21.2421759476699,-235.256709753746,-26.8797586756362,0
1224.68256227931,-5190.50973551757,-0.465891151265599,309.373735508781,-214.862468338654,-104.1276778568,48.8885854685307,-80.1340238786596,25.6095881728306,-117.383774621585,-94.141101368369,748.149902962991,71.3011825659866,515.022880396429,174.66397978855,148.707714830564,128.466220797147,365.315006442993,389.210992457918,108.982302514548,-130.536309569766,13.1532390244962,-162.382392866106,-257.016898197093,-96.7082495214603,-17.8420913915209,142.689982688001,-235.450826122382,-48.1902360921131,0.267512107742367,87.0843804832967,-272.874454914702,75.01371256182,-159.528356392291,-133.114745961082,-105.311177468369,51.5462479069192,96.3619165391261,-165.436163257555,81.8934941214516,-120.67470695229,-31.5942025656381,-56.2882952097419,45.3117717595581,-140.193960926343,201.750660914347,240.767180332115,0
4322.84252384868,2381.95652829438,-907.260056406671,417.509680139977,120.329330490398,-110.862602049329,-1533.51601823916,-1082.32710048544,-303.146893380731,-333.420905617668,-632.017409271878,-144.429911343194,199.883691675801,-107.00759867011,626.370770722102,587.987009654059,-12.828453844774,32.8126153411039,-197.673932595544,-97.1527997077489,268.993329694779,71.1806871741806,-45.5035184163461,-397.646354741644,20.2484589432393,3.97655002742962,-29.1231878740685,-47.2946781579261,59.0753216791994,175.235273262917,243.556793904217,150.0402476606,100.597000370152,166.30472741009,167.283766163921,-30.8636280646105,12.1788106771782,182.676977314553,24.6701060453522,-61.948837714479,20.8985176036641,-20.4647667933793,41.2872571643796,34.3552007014287,-84.8288967008417,126.126375294841,-75.7388466986952,1
4874.69394495402,2929.14776314382,150.272773127137,-878.280191454352,131.403740409385,677.827680419936,-705.662185661927,-1066.91644948635,300.793010023507,-419.158731258926,419.303782887131,359.451628142444,-149.805475188494,352.68060071721,105.045610185413,179.33915167955,539.920578315563,-271.929686178097,242.978717050814,82.6408578973309,320.485698555116,-448.819990625267,-401.877854793162,47.5745905020282,-102.658136738493,-321.145576170696,-6.56852426760534,-7.71213293788035,-39.8930772668855,-26.4672892571197,-144.389457386553,-362.107470199577,-376.658522409075,3.43454997275698,23.5716736309983,122.593624840804,-42.0415296311722,116.290152925384,-194.692488095402,20.6818707450245,36.7436765684615,-131.052495342127,76.3045264768708,58.3942575158971,26.574830196107,66.8591798712442,115.357323569418,0
4272.22179164691,1317.47340539634,3030.48805448022,-754.803262821267,1185.5400776375,-790.39132836269,1196.34734449542,845.226270954618,1116.52706004981,428.532593055205,-1018.2382194477,-24.3175491627913,-259.2818125357,225.459998103695,152.799556415762,293.718258805883,284.890995789577,-567.252805255789,-325.989317308901,420.784456050644,-243.226872392498,-191.059794374845,44.8214130637201,-151.15471332696,240.022043078631,5.79324789003697,298.384864950714,-91.3863167846962,-83.9615435482907,-15.3362158795635,-51.9272937219993,-304.084274281583,-160.928161553574,-183.904625689056,61.8430064093856,-3.17410666880873,-136.426834843471,223.781489543745,174.086125228223,21.1568498465342,291.890402468499,-172.362279154763,179.119312237942,-240.617788015409,-115.660026599896,-278.832921445419,-114.91385923025,0
426.726493932013,-5586.38455890536,-559.096953801328,433.366750121316,-303.384308496054,15.0791245076302,74.6047067188368,125.123650156151,276.68734658254,261.665808828093,169.236140363091,-383.3467331995,-296.480893889614,139.674930259883,51.990869945238,130.711718115879,498.0170731755,196.494617474972,-6.19317402980204,-132.196612405643,-34.9531051522461,-38.2953306924177,63.8546722701495,-90.1625729559478,234.819467488075,66.4130694474341,-42.2169401592239,-104.902761645703,89.7618607570199,-382.609951230273,-44.9910239848854,-59.7024221162716,128.836980709437,24.5585928212317,191.285114431099,153.193152825187,-168.174310832586,50.4882103752223,-132.656558573393,-51.8869182820307,-19.6831032670562,-83.8968997997829,142.085628526313,-15.4809709669067,131.488057770743,127.023679848948,-27.3006409790273,1
-5140.05093028795,925.319646992918,-347.966564523852,36.9942539189232,357.635837937659,-132.567081240997,-137.264712482416,458.565178405727,353.612094369457,-740.216926464966,-7.57293345565541,-293.354507435429,62.9431273936189,381.389106968856,-113.852737795237,115.237814780044,172.852317500029,-297.120260170989,-366.168938792857,-104.386637672289,-352.895683067291,155.09148224468,-513.058039454399,206.321490000597,3.90256986645261,106.713720247571,32.7698903594281,241.285923504663,-39.2805270124268,-218.303168499851,124.540900669017,-65.373787888743,93.6571035452031,168.815886545646,137.303825516133,7.69140331396037,-351.892113183624,-363.661301455381,-215.253774934987,-16.4332068249372,-6.48767596323408,132.133605164424,-107.568605978699,80.4018069257823,-270.615971161246,245.557818218432,83.5157752868424,0
1123.42424385651,1649.71916065959,501.583020136098,2415.27187672471,1346.16939972303,-562.316788865686,-232.753995713683,939.1116273823,-15.2832066051619,430.535730778788,330.816089342473,-705.808771970999,651.009668393895,-594.962350774493,12.0929423711969,637.959740273899,397.412052746589,395.023742963082,661.917547473599,-412.536156463911,-408.058644465525,-269.353113007377,-369.814602803972,-214.520032968768,366.045895606041,380.658195562374,89.3246394161921,215.861775016835,291.624925286466,-336.319348230031,-309.35258975098,-327.420434351854,336.835368463596,-163.934934954211,-34.8537024704997,-160.396029754217,-333.083541747098,101.258846765886,-151.302386246273,174.676826641459,-563.74412760996,-44.6203495698892,-284.305475544394,139.88511116846,468.14349156543,-224.440296955861,-72.9762002016905,0
5531.92036163231,1946.39954146179,436.62302321131,-4.00984121167992,-945.307440049915,-852.294639512657,-912.211822835234,897.948799207712,-48.9476663356685,-121.581660056718,634.524444275354,-504.76080604978,-293.310764620785,276.381634263953,-225.141337833713,-542.669340526382,-82.93847508695,313.728560459525,9.73011955356543,75.5050000375588,-320.775873181906,322.994556556843,450.896402437733,247.093312600085,-481.689741205326,-185.846142746307,46.2830443838005,89.2985884105656,179.785286176776,-13.9276342267464,-279.706690766166,172.206665754669,-276.792587009308,-124.181809747225,-131.821023384581,-120.415620595314,-161.108886219199,-271.133579274113,135.800300519245,255.823109280018,30.6045647912244,287.88517290062,-15.2844623885989,194.348080575338,-325.366614664723,104.539924109645,161.755127020821,1
-5470.77283155825,929.663433435083,-602.263130661906,225.172652380423,143.434695040048,83.1857461018414,-586.363201954181,10.9264581115995,570.056534616433,855.254639015258,53.7480925397754,454.563289111046,-39.4663290874203,-140.344208015048,21.5852870206646,-10.8764611577349,259.855934806554,-239.24167906988,-315.517570437403,-111.216071826246,-388.99479192252,236.519296459982,-410.482404799307,-17.6669014961611,-292.075756676398,125.304348748131,-28.2529628126074,268.637391235206,159.690802092488,66.0163077357143,8.90690749254496,20.3589616903138,128.346836099757,76.8489926867723,-107.869466230155,69.7835239280739,-173.427895510378,92.4971846992643,-154.62410050678,63.7324064010533,-182.101961186105,-163.751004951452,-28.7195035459829,-219.101776670295,43.0395799151837,-33.8021863288312,43.4903457807594,1
-5488.28549519075,843.439338966079,-709.045777568668,960.065267603204,523.349536324592,310.606243473221,-15.3896539096377,71.169272018676,347.837635164597,-198.681390455065,-1171.21921910883,-232.929086033804,677.297091663369,302.361367921283,-114.758874577841,-560.717150520149,995.546626505775,312.855739024984,-404.21243757128,-444.736699985675,103.441336703987,151.050490565529,-344.815193074124,-41.7320856043999,-339.729175400237,-3.44595388506797,-115.28157421639,-73.7868639955526,-168.316113185401,395.412638835972,301.483659043208,229.213999123171,179.416504059467,-148.681496776205,36.6799078855632,-85.7747484411028,-215.360847372981,160.029018810103,-216.49611495485,410.421320003297,-242.969012491918,-116.444321403074,164.642135948836,36.454478086599,-26.0092072652458,-75.0894168528378,-135.562193325034,1
5116.85899662433,2292.7299383182,660.643197382169,1589.33265183644,-261.829414744213,344.000747048772,-1626.8612762371,245.638678205183,539.078212525073,-737.801986355657,1183.07981918608,215.910813695955,-822.523900524594,259.207799027649,-183.53875421522,-516.148152472198,-129.988857747925,265.69665054752,-271.307198115587,106.722150054045,-0.810499198328003,-130.482817950907,36.636354899959,237.235050586632,-421.931833664047,-317.586043852728,-15.0740643715413,-145.594537816231,-69.9700836859418,100.257944264549,-75.1938297120493,7.52919826595665,-327.446298487504,-267.777875138346,-315.841441054097,36.2161464018816,45.752287418759,-191.135318885193,-108.120270400712,21.1556623868765,190.339087245512,243.151490036352,-89.779722435775,-34.6413333436818,109.343999581943,138.82844361785,-28.8965774951663,1
-4201.09391196111,1121.0712574078,-527.534306651528,-1046.7034586433,701.583977820218,733.504204559133,-96.1999561741938,978.34965613709,45.7830173678354,598.456342055571,-106.876970505683,-216.463098207194,-135.342653092815,-553.093591718774,-137.298327265949,99.6066281191131,273.548850036561,-208.714350246047,21.8699854129712,1037.08105488192,-689.799439376346,-85.8858898604361,-100.878782371294,-21.9807432911344,528.576971249355,-52.185771760835,117.276820846316,411.806391090183,558.394213878066,-384.560639248373,-383.50138958514,-105.637633209896,-274.152727423411,44.8228714495838,-298.127448595324,-233.358778752847,-291.326128272629,102.250737130431,284.62606006533,20.3327734250828,-294.867544079467,56.2539155295692,-261.216858715808,-81.3311100007555,18.0372490326959,63.0951474691548,-279.631978383151,1
3318.68924422957,1414.17796426909,2595.30510017505,3495.03938342992,437.031709111374,-47.9983449359463,464.076045502463,-26.3417800107441,-188.473967494736,-250.644516283332,-481.830769668311,330.874019437094,-164.233619060303,56.2075835807858,53.397021351461,-206.78753775566,-230.060532808891,112.258910431096,-19.8704654985984,716.982021521117,-115.257449235826,719.148588947726,129.032867287395,294.815508141557,147.359287110395,6.22767761981637,-265.112173560561,-199.861306233953,468.931331688468,275.668203409047,-517.634553763701,-12.2646380543308,-250.32791283195,269.215790922885,-100.839567474551,315.689380839748,-143.524820712056,182.84572548362,-96.1912183157226,362.880127777936,-290.374113437127,388.549122500008,278.754104527744,-209.6098970565,-60.5965142128878,106.055615630999,180.932223049421,0
-5279.44932051596,984.532389373714,-560.626837233849,291.590789547228,58.1739340081359,-52.9842897334174,-580.304557042325,318.039454179996,231.349642234894,1045.6286833201,-464.928827845363,203.549836714268,-108.225244308633,223.299698192099,-38.3429740611854,-302.958103619805,88.2949203380725,-113.315424808896,-84.2384879236639,308.273646792403,145.814430769312,-184.3837267872,17.616256750608,4.32161566046776,47.5183535994427,219.967937298577,-11.6972949263344,115.168473944532,185.11616339797,54.371579427664,63.6624304732243,58.2968991172016,137.649975131879,-106.423614985602,-37.5554958397598,-131.166798405478,-223.896145992627,-89.4992799629206,-35.056907823406,140.83376602031,-120.792798836937,-113.888919946724,12.3463796664106,-33.484377860083,33.1457590089129,77.5066048372166,-117.754908636076,1
-4095.64071874602,1413.06183447323,815.83308043394,-10.8855985270526,-1961.7319683708,-1730.82602824543,710.63831559397,-368.364666143336,743.347110037466,-332.941665484871,226.934766774781,98.365519363028,-26.8891363705559,-215.983872932579,4.28784415379075,206.780750294998,-315.662462755792,-188.497457442679,253.73367018995,363.950349711868,205.218344280736,1.8372273878987,255.152008167479,-76.1258768850717,534.172568094481,-108.553931081022,196.051643591312,-112.737678295337,-85.0132451279375,-297.159079982955,70.4481611149023,119.252242609383,-270.567942782596,101.689046558505,-208.072049789962,-20.2253456982438,183.062570493226,-343.261174089577,109.634641517545,-136.198990157151,0.018638733465568,46.4944423384509,-66.3434754529818,142.003210620188,-15.3770528055807,23.354325382758,-68.8749015746474,0
1287.90834900874,-5184.16093275121,291.778314734258,-358.068617381358,-6.53099456271893,189.990657889615,-62.5049582746022,-466.872290784827,-100.517379875945,73.4646440768983,196.384168448779,-323.801667155589,-389.694004603988,-123.517377392273,-77.9276356148817,-13.2471388465276,92.0581938578654,-187.791371165635,-227.830477203499,-127.952358997875,275.765210840028,76.2066161482352,3.25162290197584,6.37309524274116,-41.7019968903953,-59.2315032316491,-87.348383367195,389.443319567309,35.6563315714532,210.521879736389,183.614270956568,44.0538710994748,-265.298932865285,-128.715835332544,29.2380497950152,-197.762553091702,41.8946374841407,-85.1019940985372,80.2140062437767,-13.5899810016705,103.806118607652,138.726454607529,-190.916664952288,138.698837404521,20.4412732370718,15.6872585200004,-230.096056201708,1
-5133.71085916136,1077.55314727041,-171.953019152316,460.797430861422,-566.697766778141,-342.961881781659,153.638683673265,-131.298443254059,309.160635123042,100.731091415466,-515.766963756299,-136.991807607859,507.051678555643,-52.2986032218292,-362.071917101883,-444.481964987417,503.195668655216,417.021307517082,-53.7547858989628,-94.1831569247496,414.223233691248,-254.140470221311,213.909868966516,-72.2027726781982,5.0897710535027,-109.187080445409,59.5773935738136,-174.920308058607,18.9301909223017,40.6151732585422,-11.1405750454794,165.014393360315,-24.2763578205188,-41.7779297895893,-30.448220231492,78.8631800291049,132.520481154921,216.494896692244,-84.7503669878733,24.8692063467101,-41.8630655440023,-97.0861858998092,90.8896991373815,56.7132369333104,47.4216728795778,18.3646747970573,-35.223303428565,0
4859.84385655382,2144.54107363998,776.528787101819,853.32258342424,-360.533484483556,781.44514729566,195.693873351107,372.256133033835,-217.778537141728,-243.131737403659,-638.577017496317,305.14766819711,-198.383191633797,-336.582870490193,158.349702176974,-126.49813572387,-232.602282291343,92.379709443051,9.71693590324987,-201.885420118578,177.396052787328,312.73124108779,-73.3619408194158,-53.5536537712872,239.85825846196,28.5926706026965,189.398842382762,274.527146944451,13.8132314217549,337.039587846949,143.059419040673,-360.2696960764,-348.743651914306,38.1600876301956,-111.329504486222,210.943406691996,-11.6630622954851,29.8705426636438,-2.82708001201822,122.912437298292,26.1009446315932,28.1601289308486,-123.69823972909,-57.4773716645771,29.2705898796682,41.2502444990503,20.6428467724552,0
-5308.31453679169,886.338125195919,-716.76746508176,15.3967353255121,910.421633166025,178.485010475221,-747.480230969022,348.106702019281,355.449315456309,562.648886105016,-361.050346551406,-74.983594339892,-85.0864371480572,186.63773921784,-39.3784268897767,-39.2336313349172,272.349046206731,-301.871829625456,-66.4777012135438,136.305346787096,-146.644446280885,32.3402381838358,-154.526934633064,6.25921833573751,85.7093342090876,-11.2985261710042,8.69372036873845,110.287687677368,-28.5608257305606,-95.9688271731603,-97.7983022880301,138.554234609214,43.6218145072875,81.827019948881,59.6853530721696,-3.72723862494638,-87.1581786721595,-142.418649189939,17.8260027202173,-72.4724682971283,26.3458664070906,-64.024467121474,-25.083580796548,-34.5904130263097,-61.6502589944845,106.152223536642,51.0732426919352,0
1639.296430575,1890.71836625503,-4877.60781310931,1376.46398233144,1026.41549480638,-1080.55972342907,1032.18445884177,-292.165468207579,-125.246189627079,230.267522286767,619.437110673206,-324.954243676715,485.476923464519,119.259545988473,-152.72077104781,-316.503197715291,282.106391475897,-124.759168982511,210.566459321564,126.691039441068,276.249349682891,249.312853217049,-76.1700087333691,333.445094979795,391.35676811093,98.3117099479436,-244.599229716612,119.061539976002,-111.135083550734,-13.4079993025873,36.2268522188893,-162.854981742117,-93.0418139427719,-2.08617430124068,39.444630374788,-155.7233757279,-110.293960125221,-30.2093776580792,-18.5524731995612,-127.147246078731,471.377051788233,-164.07373709686,-9.95430929892034,276.467910339977,-263.128099690126,-26.9209648724331,-96.5220720305464,0
1321.73258969437,-5169.82030894676,-362.525226247598,45.4716792217274,-492.588797889984,-503.180995707535,76.8639822525899,647.386088287224,249.508675867855,-260.623335481672,-133.364438474503,937.055262485693,410.730743642843,528.051420780484,96.8340064887232,179.487790597772,-30.6620384501641,482.374569132485,317.702706626432,138.639256249579,-287.581644089426,33.992549087145,-222.247388201738,-43.7493648035724,-30.8943185105147,-112.41122901709,215.118706227338,-278.198526733273,-46.2309534999851,7.56635454824912,359.808332416934,-76.354436270278,86.8977830204812,50.8980649488855,-23.5569961779453,-9.03947378499915,-112.972318151696,-38.4393875020175,-10.0941487856032,59.1535354608598,-9.03832353753698,49.7649813495689,-134.787468146318,-195.281623299331,219.290280131351,201.222236006022,79.1742786099442,0
5715.41417521185,2557.66774182656,-164.734611257903,-1611.78696939233,-380.406542061463,-842.879212457732,435.426718672823,-508.538123036654,-657.392305655474,338.274387249159,-252.665403460925,396.193957671562,-431.174332225771,395.755627104025,-338.007265406224,-608.81923342981,494.477412135073,-172.054117775411,116.316375591619,160.060378209208,-247.333226573387,56.278400914301,-24.8222329523717,-46.137147042007,-188.010285273011,85.1310933934744,76.8889827468919,38.581761905956,-126.031896188932,-212.202896630239,-311.154386239883,4.23234637330155,107.858233372712,-51.2959212969605,-141.574531144002,-123.696050429375,-86.4762029448298,-51.3146303067723,-171.870428643235,-29.0103231632503,167.392563877298,227.906956862388,0.850827854233341,94.1612773309875,126.024997472263,-196.296838258743,27.4528825440433,0
3187.89121965396,1682.47870476681,2091.08972822269,873.038666026093,1586.29929085079,-564.897787502177,-418.615406377754,-1431.61203810532,-353.861083782282,15.8976943972475,751.9319644214,121.668001168977,533.69547644084,317.333565544268,-211.896070103815,77.6590770399738,-35.9914775406289,-8.29989115722098,-252.128132880449,-553.101517124125,142.636666527189,-183.042987384308,-26.8968825735102,-494.368599601803,672.824701775875,-215.585716363311,115.213421775713,-131.457180943586,-283.724187188922,-175.961440190713,-265.178813751439,163.76221079242,-135.83305039778,-9.80401295404488,275.28146228243,153.142510262331,-199.039569300578,-306.803618619891,201.153886838746,-1.98575819182405,43.3504934666054,-211.504952704503,148.710250514329,59.0934621524035,-50.2066888577844,146.892957648025,16.0689600852749,0
3457.18429010732,2332.1067292167,-1365.44137821833,1109.41850652073,-551.611266267873,1880.72915891659,-17.5206440709206,377.525177560171,1130.50059170602,-375.173686957164,781.591246466679,154.3924836944,-436.389549095953,204.504833964747,-200.831142569476,139.294161101916,314.184944697889,-363.059446188466,122.878056904705,221.005613964188,-41.7902788150389,-595.622934071332,180.619861781402,285.232965410538,140.083431199261,-113.087986442698,-56.7489466453365,85.0271116240437,13.5254151753732,2.83754815762371,19.2239271711905,129.630329264036,-69.2363670101058,-111.701179600416,-260.769022139312,-3.5996147593489,218.27462006863,91.5571093107399,-58.6265294019698,-22.2350453974082,101.235745010476,28.7425505610681,119.226736640703,85.329563604831,-72.3431114516425,111.434045630822,144.206902852908,1
-4626.26508870063,998.121492613866,19.0657828734078,-162.178419051615,737.450988857721,337.216486975866,-1075.63082706438,31.3870623760177,-125.365364764784,106.904770751321,83.5618811855785,259.633635802675,-588.698854000555,-157.58054681849,62.0333866584945,203.27748809579,-623.072206780864,-32.1131937642607,173.264911399017,330.381310805817,-57.9117451963252,319.50129103187,-192.924788034688,-84.9570182709878,-214.124970218672,71.3114648412143,-344.402631243475,237.404468149628,-295.485792784058,-6.86490726248283,95.682339820699,224.452747028688,70.3548851234428,-293.89140425554,-86.7794116356427,-115.070253680667,-159.966555982836,6.29813366923277,-141.549965435942,125.352503994434,-197.096207147647,95.1601063829345,-91.7184428485393,17.4793078346783,184.199722808286,-61.3348878171055,62.8943016421811,1
1486.23842442801,-5362.04376971212,-765.281104583685,-398.607689887861,234.838339684631,-212.396229538458,-421.599780512547,-307.808730391233,-356.634973666335,-191.857675747466,485.455226543617,-353.059224959549,453.561898954973,-521.448968778287,-505.683571480381,-596.489785899653,-566.493210632518,-45.7712759978902,-101.451945822105,102.096137932172,184.118953974553,118.49875173978,-561.15404772952,-109.993052082098,-4.64517663983259,246.875258423,-76.4475718222402,-23.8543066812735,65.2492129605958,56.7211100488326,-135.357997774452,-257.103322011094,-292.264826111354,93.3005538343165,-658.331885584183,318.795837580082,255.119822933028,102.466402545459,-405.520883019209,169.371203802115,4.30162395268233,21.9195771490057,9.72288639126649,-233.211659929673,61.9695506463752,-30.8298439853128,376.797788396679,1
4349.10277356823,1999.16774669342,994.952072908784,-89.1669947550827,-247.873458629292,1693.60932021339,2309.92272161099,425.880692670471,546.65752007491,627.966233295687,-882.624552680386,-17.3940482724749,-147.277756652647,-61.788131623609,-177.100246260711,102.582061369683,-470.357552242627,-61.2122808434044,80.4663974530961,-243.976408507591,84.2773638506695,351.157393071332,-22.2159615787626,156.354740889989,-215.791910567885,609.06284827233,320.322913544753,-32.4221833264742,-267.616318160438,94.1820101060581,245.00994935967,148.757041049972,-104.633753835526,199.744267520252,86.4622637589024,60.3764993514752,77.6594121231463,195.523292123809,-171.403339412513,-77.7907486521171,-164.705142840373,149.710126437209,-115.041928141732,120.694167661459,-151.097896497149,-16.7639485454618,-40.9160809840951,0
-4586.69296651819,1357.1167865763,452.361042826541,57.2758553418461,-1462.13788212587,-320.804567067742,441.600402304923,-625.65827466079,287.672379030306,512.940209954323,480.963990020141,495.271442678336,309.711063030019,-626.117615552914,700.614917070364,-171.372928546068,144.399179803587,342.648086257917,26.0160671204973,-189.403579089576,177.26005949925,158.1468907681,95.8754913520699,-133.381656365798,-11.5520700529818,-421.411854059222,125.935157452947,-72.2191040693971,-297.280790479797,254.28980175089,-221.800638448636,478.256347332799,-148.869428615106,14.6006295545442,-395.416825371908,253.036193570257,299.209846437151,-21.1816582670648,-70.1383852103025,-91.3905088591842,117.58978318903,57.2710357738103,154.215144715274,325.912046904811,190.369710122258,40.7317268449869,-132.663460148564,0
-4553.01402274113,1297.44537621248,836.512732748085,-427.726422582803,4.30791580006914,-116.423243887261,206.266882820199,-249.702121335625,-644.792778051083,-1319.23717959348,269.126279756197,-246.133693232861,-57.2588151209569,492.211219222728,-158.0371189942,304.990396598033,-548.436279918186,38.9452171423321,-44.3651329573721,-350.597277959151,22.5405936676951,-28.4484172952009,18.7322425601055,329.521868673961,-90.743051686098,181.606306513136,60.7595508960333,-106.677557124989,139.592808247143,-114.651458632626,62.0331681056503,-171.71237244544,-11.1744173127404,-2.234582209322,192.647346008603,-47.8175951679007,-42.8130255903807,-77.1074796792063,-173.805240318914,-148.40097775001,141.835648717748,-27.6946323142178,25.7847124566671,146.037986650733,-69.4018881164765,131.127202147154,239.164367552453,0
771.8927497724,-5512.66961959573,-397.800550994734,147.687515363053,-164.087567790829,35.3365443021229,160.774894358383,-175.674221902303,229.525515039033,363.703031023976,428.696002463367,-478.953243729242,-162.352086636916,188.832753332347,-113.725665611647,307.034745828092,135.758235296027,555.871393007532,-248.146400909767,339.532454566339,390.003504704071,220.535916415507,113.866796289733,-12.8427727347313,-58.4182154490031,-13.4506851119839,43.6793280994142,377.22596087162,155.675497630033,-103.710606269979,42.2348446314432,-193.560884356912,64.1622852396791,212.188643559863,-82.0304506332174,-22.3263727663795,-165.901205443354,87.7362472426536,-227.267284947987,55.9704561818807,-119.118001399218,29.7588026997903,84.3443237219471,170.807178100227,15.6839547876107,-133.756089848185,8.86425778614912,1
3123.69382086007,1409.93405253339,2744.58599124288,582.145402023487,1717.67819557908,415.34714232585,375.595760298779,-485.650960579732,91.1824993089339,-59.0603182687448,27.7217042901064,132.058505473812,118.318811842693,-104.998311087464,78.6779080152575,191.599457269002,-76.3627462291178,220.206008557849,-132.611805691317,-836.715253937577,365.057545122191,-426.638697535533,-316.365015271516,-622.699924060986,563.126187152766,-242.961346564995,434.387392875716,55.2663984485789,-290.024503149682,-495.5501942449,-284.380932008327,-63.0846362141661,-240.560013698297,40.3003875891767,137.882633773974,-15.8278800407061,-217.722780575113,-222.313117387815,303.719616344689,-65.5999453694192,-274.376794062113,-189.691142997492,-147.171353659064,-135.529571950033,-63.8195297214294,88.2305641196446,-51.3016123973035,0
3748.88879959407,2634.50252322781,-1438.12390365581,-80.7670605396567,-643.996929395877,645.517611116067,-1581.0899773705,-1201.63578256016,53.0058168394156,-293.735884627019,-283.922139515547,-223.572650725231,489.315273724779,125.891643113337,426.290449024312,707.857269988244,391.212858128043,-140.607234943096,14.584545412473,-35.2138234320343,347.270769361847,-572.717691058107,-182.233742616863,250.283032195338,-25.3300998073593,-345.104227718966,-174.167729417684,216.341238116865,84.5018707801813,72.749053460617,-171.377806579582,-367.277650206526,-123.919951709478,243.484846154548,-57.9943814243124,211.128338171573,-91.077175400217,85.7887453345466,-129.754846944962,113.242490248671,39.1246908667848,-195.900561877466,266.026422878054,122.133755385864,26.2449815926893,167.488860102443,82.044467958091,0
3479.5190766992,1882.75511469106,-1755.0708902225,-314.481774381822,-810.087411281939,1941.18299113009,817.129577161301,1892.47757464044,1186.75874975133,237.355243768356,536.497399979451,-599.415128821062,313.163418890573,-304.230059332089,-73.6793995613165,95.8512388349264,591.710901520172,74.0520291726576,564.003354722438,-143.58318821478,467.616663106598,471.869258075917,12.9070151527797,135.544735550799,10.2291003303663,526.359068261979,61.9260031336724,6.56182721774329,-63.0392585985385,-215.740377244199,-150.192656629639,-78.6075100714436,12.3397250190307,-54.8369897215426,-82.4488879233757,-144.888039346077,-98.2666863623179,-54.1372653438337,-118.980695708804,-113.656664716155,-79.6674271302132,14.1161546676796,26.0083881203027,-127.871552933228,39.3325325862244,-131.31172192167,-75.537557285396,1
4779.94311501685,2229.78616824689,-376.956983079155,161.579516628365,-293.073980290289,-137.052147917592,-1147.79241224037,-1127.66284257222,-415.879668055285,-353.25237116424,140.894118339218,230.442588446316,38.393035530795,67.0733273861472,-166.362743940848,-157.066168700112,-122.819359224721,-250.986397147854,-311.862180095842,470.59598475075,-422.201831131281,-128.000787277217,324.195512680112,-102.677691077122,66.2810366465031,-174.114102707609,11.7778112406455,-57.6861784315571,-282.901236513841,286.368482796039,-139.773423531092,129.194370443789,30.596609744135,-29.1682457941488,-141.909417221157,103.20717626349,-26.836480468303,-79.6950552175278,-197.510959517053,10.1095752315319,-89.6717277731736,-244.950273316778,106.837562828666,-152.211903530784,-105.615120266567,-183.282247055089,97.9233901238491,0
129.4741274609,-5237.38010981625,212.371063112562,803.240339259578,81.1686584414613,277.681259810245,-122.823473961133,-813.598252150486,-230.725670110488,-89.1635731163377,-256.491930583635,240.656180457733,-144.407046704861,18.1969908794099,457.909763837647,-42.7075951893391,268.793482684637,-81.2978557778617,477.769624913084,-285.136338136874,-189.388036901375,-213.037965632409,-326.372369817665,-156.951373320472,134.358771829287,370.589526726353,87.1156220518401,-497.55961302263,-344.001747016423,18.6347342178413,-292.831367524274,33.2161679572697,125.450759972578,-63.896434757139,148.884442331173,58.6221583318884,-26.1352470085235,35.5804739050625,126.448730035756,-88.3418140573193,-78.0547135226692,-45.7780555546275,-4.14309090377188,-161.180129224826,118.051488447085,171.044774891585,58.0557447794054,0
451.77700130202,-5570.19701514366,-599.7461765473,198.973459803459,-207.805708691252,188.205736920808,-207.973798493941,-71.1516062371728,-119.752334667309,81.5547652876517,263.6755418648,-328.970980519474,-161.235909718214,-255.802248413394,-21.9161087616001,-272.551422408325,159.296535817844,-158.85621808078,-119.964034344404,-291.104996020243,119.09105692311,-41.9477686053875,-5.68287393683419,81.5538443958362,228.597184702085,408.446698698109,-236.821841598611,36.0896814262753,-119.45010817294,-226.718418671436,-317.271512454542,-4.58646450345446,-164.951102301741,-142.40628460763,-55.3577557403017,8.37477146061564,24.62382474431,-75.1774418030831,-11.0906552008106,-7.537642338,-37.8239840597888,-62.834652930632,94.8934818552971,161.188486695762,27.7219516176669,-47.4173413442493,2.07060582873265,1
1824.46969651422,-4652.54980305789,-320.782876571849,-967.979895531176,56.5626794257135,-465.571338641134,-446.224806467984,780.61836920485,-223.485464651311,-373.904661337995,80.082113975745,212.944940944152,572.123734481606,-361.985185689589,-19.867304430309,-359.383180859054,-280.432019824873,-388.308145369668,37.0882215737289,39.3215826703809,57.3356936446338,-49.2926005227535,-142.271866118426,82.35524377586,40.5145555022687,-317.491969542804,-77.1001074489774,-79.1887537007586,-82.1288652943464,116.116546279095,143.947933045271,-345.605830059496,-187.001788842124,144.173625595463,-253.591870011014,43.3139013648066,-160.141806415228,168.190353450276,-230.760678113473,-94.3175770944628,1.04575923004513,-78.3076767941812,161.370825617618,32.9735858902897,132.742223229057,183.038286107563,54.3591782274336,0
-5118.92854949477,967.56209806304,-17.4340709690824,121.484741830574,-61.2456841203363,-312.674803810544,581.416352574999,285.037108675315,-90.0701906972513,-1133.19505506356,-471.962388042497,-947.297860039794,63.1760977545665,729.775469341991,-307.089679557049,-50.0222353499295,73.7883170232779,12.0378160968179,-41.0389664480998,-208.563273053419,28.6859022738761,-444.938800144304,-218.333276978642,-16.4389648916535,40.3903386369436,153.028572710296,139.7208060173,30.9850322402683,304.762479338855,-67.6427252319109,-151.626157510698,-203.178908079938,75.8542471907095,-229.54999866821,95.8646863013972,-142.159973088665,-48.0561426053974,368.913541745327,-8.19101902639579,347.694040635542,-20.6776324179891,-67.644193340774,-32.2946210199653,-179.616040593491,-63.3610288826513,-202.130095048133,92.6685137773219,0
3988.97408028088,2251.15085887265,-1176.23840824836,797.504649929605,-386.202771558281,2142.74831208212,436.407102870448,531.351823457046,1079.38091943162,-110.930859667471,571.893717981429,97.9128944784458,-260.724403429657,16.830257159888,-349.85965868987,-109.021502850711,-16.1182960041032,-75.6377301072526,129.715165946121,-68.9866514107031,-74.3981828242953,-122.578180400636,427.488418527694,156.453156897813,-175.555365779104,-35.0834725364897,-67.2147914854663,49.8301955478767,138.593531198729,46.0729831353479,-120.747512622488,-55.8491307531448,-14.6657112027934,-81.6460059196794,-381.83536815107,54.9921513715032,79.7766617062929,-56.8479520297823,94.5201167275424,167.351271591162,89.536629736884,93.0475764157966,-10.6367829217108,-97.2371820424029,-73.6271198187688,221.067918653465,118.14052659178,1
181.36760805051,-5597.36916367797,-272.746760836584,311.680416062913,-55.5574255774074,660.315077908675,124.466452620431,-687.41959977769,90.9647657611111,291.868623443255,95.3468856872829,-396.835097875505,-276.093975405219,221.092584782109,-77.2784872934622,67.9718218150779,56.6123953559816,172.260474335037,-101.477985553942,-29.3068171911963,49.8792561190011,5.21129688770681,21.4738182375658,0.263706482510426,-205.114382386925,211.949492141769,121.533259821989,2.47171044693612,-37.1871116188605,0.468592457680477,-194.656454712781,56.7782341484856,179.021702853221,-139.47082195978,-121.079781355748,69.0145220061754,9.50173976362211,-27.022441999608,143.0217147477,0.328118097022603,-230.14971191213,-41.9802507410289,127.251444180143,131.206388244638,-3.8068488650353,-138.586675747689,-144.804755614331,1
5375.63446302502,2478.11746840307,415.548062112669,171.915804564978,64.9617657120525,307.816525537336,-176.533327673155,-1077.23408780851,-318.254962100052,-218.53593027218,438.232571554576,756.422878891171,-460.946190393024,290.119718577668,-646.996325633943,-270.253526544843,136.230996683674,-455.593826120135,-434.681598960179,478.417893626042,-396.139330122649,-321.676392352505,380.224674054029,181.769871758825,-30.5417462181487,-495.831867779383,-234.022078196113,-139.087318902698,-179.199162313191,-100.385117822417,-82.9931783940125,56.3703718053703,-325.503914383336,-68.5196369911829,-34.5681805684346,106.630046104278,162.382900833133,-67.6120204485076,-279.978949623166,208.039697787326,24.7754844862442,0.837391814271764,39.9219786016207,-112.324277488183,-10.9834446475374,69.3968759169043,116.203105256388,0
-3783.66320933693,1578.17077207487,1069.9284240267,-1434.70074671126,-717.042069703449,-138.415077400591,1050.39977875089,-108.800433410845,-409.690288305768,-1276.0257491805,1233.35238395104,-376.154299192617,-239.510090424357,656.726977460307,1273.19864287561,646.049764687442,-587.562504770308,-492.235034660811,-286.364505752495,-60.7968553128927,-355.649781352487,292.827862443705,-171.397010409759,-50.3995967162623,-272.526035362558,-235.493524723175,137.784716171259,214.908232579455,-375.192360183992,-52.947848718956,-268.635626438291,125.413257548467,-34.251954533903,88.2074995968023,52.8719026018325,11.9239687447312,-79.696748298869,15.5744078220263,-143.236056559545,-224.78617631692,158.560452274464,-158.558403856047,-46.3176901440753,436.612403970617,101.406582192355,341.752194903515,-42.4746461488076,0
3785.12091891307,2515.23169359042,-1484.62258407559,305.449099001812,-716.996343566951,1489.54960100465,138.14843612019,-150.05779002486,535.135064712521,-159.842954277078,599.077930417617,330.925720433483,-303.741849224157,288.589153043374,-382.402953116908,297.050344265977,532.485715761647,-433.877345126131,101.855198247273,-54.1634791075359,-13.5260005548212,-911.750763033751,260.36234789624,387.683806136804,253.968076826291,-474.073136007529,-221.008412117264,253.504152615305,-75.7510710917244,91.6923329862435,-73.5271655467558,-171.415380107734,-308.950875471207,-202.811817920078,-107.938532902274,-38.219513705668,87.2228505752166,0.231290477012639,-81.6480053338156,80.1679074692371,74.3299772328465,-146.994024888759,236.642921081995,82.1896706392228,-115.642540539533,91.4972263302796,468.324953639546,1
820.298895347785,-5107.40380143805,419.815571199195,69.1671975546606,383.627715169516,486.74666500276,-107.989388962225,-1267.35826372972,150.42371081574,361.786951603525,167.66018550666,-417.087114911959,-359.26470169721,70.0693520381299,161.630638696035,292.508991650923,41.6625299343097,416.095849124583,-259.937749565127,218.731670771013,338.496120095168,142.49352321834,-30.4642095979003,-145.38105441318,-64.8321011298751,-66.5223819933288,241.118679370186,243.291777136553,119.782236628066,68.3145868840104,20.6019783457059,-196.982911561956,60.324311863008,-31.1854530764403,-97.3058064445518,-57.1077234276094,115.914738804414,-132.829800112344,-103.283974769658,-32.3350615114828,-16.7295007048647,-195.051936994807,152.482330679476,-75.3720341841821,15.1186161488798,72.2511633548788,-148.452543390587,1
3899.5496604348,1817.20054130611,-2776.76532581049,-2558.84698745196,-119.109748776426,-3245.48772346715,1095.39156357426,744.622202056384,-499.359525420565,848.754487779676,-412.996116471924,-462.346233012847,228.910147399663,-537.452532040428,242.925696627901,-210.322938189731,269.468141918228,358.165208558276,1391.89617843355,600.680223072043,-208.021089245771,122.015989649731,-731.632032211414,236.065286963277,740.324087935768,635.650163137361,-329.762962556785,423.577213034089,222.791808348955,264.423723914113,54.9642948021573,-310.12198908507,277.549313875782,-76.1115465235278,159.460987914965,-36.8674370855442,-19.0242691253131,-193.15183612973,-59.7150096127421,-27.7070051184495,102.711629918937,199.287482326087,70.6721130168712,125.905753000378,257.908926506587,-29.6223283879036,-139.720079216998,0
1762.45432495289,794.170073913626,1073.49548083871,875.196593020009,-175.348325282628,1961.88163969935,3202.34201607647,1882.54252388889,320.01353128951,1220.34006253912,-418.339763323536,-553.064468807573,89.4320288355462,-405.226208170552,70.8014604977318,153.263747428238,627.120204795783,-282.058324870376,722.274816139393,-136.023271052289,229.966123393972,571.913131139184,-96.4818039405768,71.349942024594,179.760778177527,385.566615736522,184.01891164882,152.80637117899,19.4104898137572,-326.829139697765,98.9299617419875,-458.59790891282,170.569641128127,248.414438776641,448.742473841392,-205.392412454657,140.649934123674,79.2473878451824,-115.73107406331,30.951840795074,-80.4565505952723,233.652608888578,-377.275249233276,100.035529712754,-26.6580791899453,-248.367781537233,-327.661125776433,0
4243.41348931665,1954.8605242521,-1265.86462645624,-1057.80667402494,-807.996961483442,111.378803333583,-206.857622501703,565.147492216456,321.493886527778,202.757072163583,74.0673035301761,-327.238344582338,245.922462890967,-54.8712964392083,-101.424379221566,-94.8244536632487,26.9365536219202,309.778057431912,257.813096691467,-125.041320673759,85.8665040251309,-129.048523145818,-268.247921231478,9.78895750338617,38.802114375239,92.3401284384933,-258.916841816823,7.53688183235482,232.47774542594,-322.165459120551,82.0659295853174,174.047640023735,310.973135025856,20.1370211643719,-282.372578340087,137.503446428609,-59.6052794965257,-25.3633798548764,48.2966786454513,-159.757453196755,-0.612439347231644,358.429558261639,-184.851397274154,332.089231731901,-46.563952471139,79.3574963907487,34.0226349541723,0
3391.88075831741,1624.94021537943,2736.02280972488,3207.2004631977,504.195083298552,282.071961460079,702.928141421704,-458.7203397467,-499.632121326861,-253.382921519064,-371.377339215355,687.778405997129,-726.093602770088,41.4093823609782,545.769779029156,127.733622524821,474.173831825108,-633.265325779792,682.43877904978,294.788962173111,55.3351265832962,1.53011775997383,441.211520670453,367.637628984169,-507.538214808484,-403.279368056277,-7.94330043837103,-45.235642443533,297.279877496238,72.0840808924934,-294.676306840778,143.15858831352,106.66723948524,68.1031184553508,117.137971899186,-19.402431272833,-2.915042314393,188.83081901155,-182.296608751474,140.907707006443,-75.7438534580063,194.319034106935,133.233144397615,-148.844239276821,-129.080926045717,292.502981864278,183.649486319223,0
-5176.7705351431,643.075930785478,-781.670438108761,109.027098939158,925.234047022137,85.5811333792292,-856.917778456988,365.333870253765,169.184369265081,730.648780629696,-681.772409725632,-99.9010598187788,-133.894055742023,346.664774882901,-283.251336105528,-329.791893196773,149.555271242484,-244.739364054943,48.9860740499256,151.682013773932,377.316273089334,-258.006207085956,13.2617437980725,49.6353134267143,191.650708700651,212.366992159092,108.325968884341,4.43179850587967,222.337516693023,-114.19446042526,-13.3421617253822,25.4842169013345,56.9843961710602,39.3128848943327,-16.8362529018411,-207.044074789735,-232.955388851514,115.302665058025,-80.1018137534337,167.653090728344,-184.250026011763,-102.131907290768,-28.1785952224453,-101.321845726992,-121.127042858898,26.4604463148156,-62.389947966426,1
718.90632590796,-5598.34205807091,-224.697337284176,279.586118651226,-326.212714865275,-51.0205682473435,53.7507985113708,107.349570969618,87.1271488401966,312.184018596486,54.925105193951,-189.722686524987,-110.705857742401,336.825832019321,-165.372266757336,207.498451595408,257.940801278077,212.471541122973,58.4299608533922,-90.052167924395,-72.905185142084,260.465825794295,505.67951631172,-150.134643128255,202.241164079456,72.4444600723426,-239.32443060307,610.206352279526,191.005403847879,-137.065483128658,80.6136690863657,-198.40761752343,-191.050341548677,-323.480310647982,-402.588449245695,-103.87287720208,43.6061991724049,41.9214135627854,-129.51733744835,212.519965712259,-92.4499536130681,107.191344713289,39.4302862618818,384.422091201202,-287.154168823745,79.5236319148923,-42.4472305800097,1
699.476990500544,-5469.78961139583,408.460993092832,154.111568773889,-233.786744921079,311.989125887892,180.416757178494,-375.378891509049,-80.0006266838949,372.482301941681,206.428772250754,-340.828724662806,-484.140329598387,123.801262714862,50.1219652198318,123.23838651925,166.078255908158,156.82586408824,-62.1815865182196,43.9969118926784,203.758983094601,50.6885816606437,16.2252835387785,-40.4688167171953,-28.9444297592456,-80.1700563283073,105.162124760663,239.162076079516,8.63858796905473,-95.745545417929,-91.8851626858796,-73.8296814460843,96.155156801794,-149.637308250908,-136.415322581575,-34.9557689402053,-59.536041647885,11.3323063623432,-33.0127352042503,57.7246752750465,-324.904469682625,-132.715725259873,131.659740680794,131.881686416189,-7.6483705998371,-65.7258973103516,-78.6854726175451,1
3683.40551080987,2619.99752535617,-1603.19285662832,320.841472575413,355.649351246401,176.964516018523,-1412.91970111143,-2774.92758577974,-411.088864879275,-506.885532227336,-63.5975100730325,215.863561925356,369.089714766809,225.265908154253,361.105518942898,333.679420417493,110.52420683491,-401.351660130621,-247.462276366485,288.847799918258,31.4634420572844,-74.2352955046648,294.403965425723,-82.9875364934315,162.736726082923,-138.670923225493,179.143122171684,-187.609732209416,-389.790240903077,163.205037306254,12.9722608593838,384.230525982199,129.442358615074,278.318091816907,299.795240722845,36.7108902586339,5.19091590003587,-0.545947138083156,-115.509849521549,-262.66777173481,32.8913349128327,-63.9429188380691,226.120149342732,72.7698926229251,-60.0405274157631,153.77842193691,-106.227721557547,0
-5152.84088842808,1046.82213588066,-264.822226698496,94.1338838094736,99.4379408324545,26.479094105158,-667.48216236746,153.560908299392,33.6292408565129,987.871240744638,-13.3829321493857,418.806036400818,-246.07898621814,19.2325502618676,-29.4162853979706,-155.270936949124,-136.759240234693,-63.5166971424994,-1.83435253173977,134.637779952053,59.7045775111331,-126.64428114554,9.05861135270456,-74.3284660409916,-133.453051008263,192.611180512565,-108.521082468982,137.19458871603,59.9115110686636,206.718236172749,15.6231815051881,176.366997424926,267.687592911013,-0.598843236685566,-174.218599023233,26.7622000356513,-214.191195297775,-20.1430468382385,-26.6503833053893,101.388662158016,12.1436356731069,-303.667275524925,75.428457749317,14.1454552473328,-27.9187203630679,-12.7219939038631,-79.1703367549248,1
4492.87447026886,1625.3447166828,-1230.14242933741,1192.38379625968,-718.174381131026,-423.929325776159,-1013.55201885828,785.850923632363,-471.197113196453,4.02822633945928,-716.703500222918,-191.252446613154,-118.416491253049,-171.183124341897,218.635420162221,347.167732570421,-224.42104156151,-76.1349855382721,-457.479106139317,-139.834402873612,-213.016435792058,9.19041444364521,409.393224295892,-246.631747722758,66.6889531894126,-166.752054099029,-206.564152554137,141.118566812095,213.317607849638,206.38504366762,112.006126990782,-72.9442665681334,72.2170597408509,-15.2062862099329,-106.910984531635,62.1762083115648,149.975204119541,20.9035627710785,-74.600846793112,210.02396932293,-172.114349861018,39.753583724175,-73.5980690843499,29.308097762297,-66.8009998948286,68.5860821487175,120.734690717185,1
1260.57301062697,882.582878968189,995.91271667756,2968.83563394959,165.883239819113,-308.507519918529,492.749969306102,706.737218265976,-521.442572461799,835.338630109421,822.575496168441,-686.591280579386,1080.33526528678,341.369406902913,-408.636811383625,196.503690588223,267.005137287252,-88.8507861981804,327.90465577759,-324.455808677691,-109.497286956437,-736.559899127566,-327.730427998229,64.5662421436353,-211.436556141702,164.685810408912,-230.619804532539,145.390809431989,-251.525294412601,-332.950344239144,-11.2748252157741,-160.594417980551,-216.834657369883,103.956359162159,43.099074413835,-181.960602672001,317.646762727388,-49.1142564289278,-128.398670325255,-143.615161540631,-138.807751238746,66.0508782531256,150.893333648739,175.201141381157,144.230866722841,-104.233789114327,289.05889161019,0
5120.96600313187,2355.67286557022,326.160542444311,83.9901330890741,-624.287977574202,-321.786268252207,-1691.33739462176,-502.614524028494,-69.0960925477621,-375.451892916767,504.358157771686,-46.9121816300723,-317.628567066059,265.307361195761,75.0743520229247,-228.727188038921,405.309029448758,157.347630938656,110.452635327513,-30.8406153957219,330.096543875504,-28.9311219928778,-292.032361289604,93.3500569774674,-32.5622777022866,-73.3109731034126,63.5646016553647,179.031284461551,-232.296729365223,28.1301366211861,-7.74614267985826,-189.310427348462,-172.681427816286,34.9385739374168,160.081552353911,218.925778661892,-71.8590599879538,-13.6381332743548,185.338414595093,119.183932252383,324.7923416648,-165.094684007166,38.0582994569144,128.039216557126,-74.7257277758036,-117.444878463281,-248.455728273594,0
-5215.56481893365,1117.79461484149,-166.191626757763,266.939789676298,-806.737335935978,-425.533232838994,541.264291964643,111.256429331451,278.154279729178,-628.017156515856,-234.368239545802,-561.619026798051,90.9708909817544,376.944673668719,-28.1616651634317,-206.240241894349,0.658922036115274,112.417370006065,-179.077431429022,-121.142878178295,-157.785944822346,7.91206252724838,-286.356832248435,-109.593745974743,-360.663805681927,25.1469239327457,113.231637450478,18.9892358786036,-28.6855143792286,-69.5724305571337,-84.8203770289504,94.9345700411049,77.1471272815761,-111.782930905156,-113.641775068156,-43.8276995451918,-81.6152586547053,255.266553931225,-245.496989006898,22.6836768572969,167.148571765176,-290.334324598975,79.7946061091957,-35.2494089220982,184.267331957298,-45.691313955022,-5.43397228809365,0
3626.95379039394,1646.5777988699,3384.70042993092,371.826430156322,1426.45196314197,-94.5698896030857,478.050929038242,-850.000739798083,-86.3533235553963,137.123993003182,-235.435470726033,178.336601300444,-50.16082307541,9.84308330277126,585.418139608942,77.7041870166787,75.4454239166536,-332.783646696399,338.812005311014,41.1593560082787,129.878594815429,308.099202064033,90.2752927878077,-86.898563461363,207.289804343236,-104.597071832747,261.158845664705,-14.3608459472688,33.5160484855122,-135.698009614159,-78.2491053328109,-158.409682292755,-185.558499970849,-176.611106299794,316.546249014147,108.454368253868,-124.3888049915,-119.706874226639,-20.2893001370828,95.3243129752271,-17.387763418169,67.5906651047673,175.791032797955,-28.5816797435695,-365.441906685351,-86.7453706166593,-107.16928552697,0
1437.67785969051,-5151.86505600016,-383.192831360186,-246.961481221257,7.55170126188501,588.01343075346,-231.118965047603,-1079.14397936213,78.5417178157202,-135.802369462905,305.031395350208,-139.606825766563,45.7043222098406,208.014891056646,-188.910096801444,-123.9637360293,-364.994077502317,242.388142048793,-396.023122142361,211.137816952442,613.673227486546,370.082134941739,-325.740385007121,-15.2434737688633,-119.53696129794,63.7809878883572,201.593886241293,368.441641857581,46.6217971482621,76.7938276699109,-89.7814369114669,121.36634843374,-179.213663367753,165.818726610265,-120.087129651592,-17.7966651598813,222.406256579329,-63.0230630224211,8.54602969462218,40.0628800091052,237.943009372598,-145.958925771842,-47.170048338838,35.8988331487154,30.1811581412553,-2.5944703728239,-145.690345053569,1
1471.89762287291,1483.90799705912,1267.16202485638,3004.97790371693,1159.43052084164,-472.598649059711,368.643405643715,-991.74283974141,-778.516783232455,258.007645342121,808.230868116374,-168.308199826704,500.731763082213,407.895485079521,-421.804791614812,-121.166776692503,143.777251121383,-202.746945465787,-46.1244979863795,-347.540591999432,-136.07705095406,-587.620003041113,206.116445186426,-91.277947827389,-154.772834834434,-107.844446209666,148.323480105993,-156.776731839416,-359.928700273104,-244.490694151441,-238.555254028301,292.200810754679,-266.518895561506,281.127795894436,154.958059806169,-17.5168931363147,-12.956015020552,204.972786344298,-107.848496798802,45.1443448681069,-49.2078897377706,87.051260241629,-1.42895667998706,131.262318652203,159.984079852778,-33.6540105195534,119.659409436535,0
-4149.23166179376,1291.22603969414,1082.79636767332,-1172.82068099046,254.253365383093,234.149027815141,294.25197788025,82.8008790458522,-787.374184614985,-1437.32061812643,428.348305335262,-551.702729364525,-25.346838074748,552.226427174881,-98.0903451318264,670.171259443895,-578.553027683563,-179.223033102096,79.6207832473981,-14.0696398372691,-13.9012032932302,-285.210026688838,214.950988458589,84.2165180887065,122.552691694456,115.343509878433,150.209013565626,-77.2921317582651,147.015904982641,-77.8849659935189,-221.140753902412,1.32973136503598,-26.8906503413472,-4.90910985130811,23.4815322604056,66.4609834540421,47.7571899023887,49.6100032481105,-53.3931449911956,-256.175009738439,153.545264779719,-6.86235388431977,-30.5620614998538,-75.1261176833816,-5.83174046957672,-18.7295260549267,199.431150592363,0
831.853225312194,-5443.73542137716,-157.38398001968,327.009048044873,-304.682167262311,115.019884071351,-155.582919291913,-396.374248972769,16.7558484896613,148.682549512597,307.777894408272,-194.407438708286,-58.4564833608001,229.505644042795,5.56243999283832,42.6596217632278,90.7225651405388,409.441683768415,-93.9120531848209,31.7001187768269,305.153158441441,232.660557787231,51.8121111867507,-78.0794089463329,176.504063528588,162.558699009066,-42.8343819384229,501.68004965229,-86.6647598875198,-122.394981415385,-69.2152281659263,-326.975459527415,-68.0448943605893,-189.239115242078,-373.035302547431,-28.5464346865234,35.4042424827894,-50.3317117790461,-292.57533756403,-109.512502975927,-161.965669903409,-134.805626621766,189.343664101515,189.290585359661,50.5573246683427,148.377278499708,84.1443572677583,1
-5094.20499975904,1123.66071410712,-322.477889676441,-428.146648182762,3.037716753095,228.379928232545,51.6045104061526,355.635779910515,-212.025638737412,32.3245017049975,150.330688395927,-472.547068884076,-287.957959268599,883.152086987068,452.415239176584,101.848610242283,-693.412159812723,-582.034857625491,104.309084540909,416.018960554423,-63.9429796658049,-29.2024519094191,28.5207902912374,-276.981956662835,-95.1735543593871,-121.622277208903,72.0592369435875,73.479014210934,98.5054363249598,-306.562337754952,-292.131262077188,83.9522173152058,-52.6320383369026,167.221542573836,-206.416545825983,-141.933872987384,-191.189458691772,109.650759689874,37.3453633534307,-199.015555026341,93.1825260044807,-18.4919387219661,28.5719482113651,222.277248879369,-87.8794268460482,21.0332770510178,-109.036365026359,0
834.384259962037,-5384.47842602608,716.966338802722,-31.3788180498459,-112.606201868406,-202.16043773695,184.855326413612,-60.0735166260808,67.5209808883596,466.235441224631,55.1289431543275,-336.997957193429,-478.345954647749,217.635578294096,131.323026402822,372.639384736817,368.865601474925,291.549868641539,-53.4877689244808,94.5338756639919,-114.859318357541,37.2196000604389,431.604411506514,-42.3978387501224,-9.09945039698388,-304.712538085284,-105.727889549235,385.598026699924,199.399967256641,-24.4972485283021,315.208009635453,-205.199475888859,13.8150478486967,-83.0456774028863,-104.703725279951,-110.373326137217,67.7578923592403,139.613675254563,-121.814990284961,76.5728862750469,16.0419152663024,-19.8414050166709,38.4990046002327,70.4180489471286,-49.0468761196508,-63.3282128492844,-116.739460436793,1
3661.51683656511,2482.28550816304,-2164.78484866588,-1463.3165869535,-914.915304861006,667.511619221707,-70.0824237575489,-752.063452516385,-260.817783711375,-21.4825260017405,-91.7735178111716,-594.239906818829,606.341696016196,-108.503842642909,309.534195804311,755.765356166716,338.813104206466,35.0254396240929,638.873525032945,-123.616290819515,347.933962769189,123.581294758078,-478.008511481363,-82.0394795590316,286.810885754441,228.308427578615,-132.358809480787,216.209767489788,-21.4386628150967,-249.787688250809,214.661882021084,-57.2623372807749,273.729010463014,198.825882024158,252.777222641727,6.7565297524325,63.3312949254085,-302.974376325994,16.2029963307583,-67.9419101166969,40.7829541845275,-125.553480681322,-19.2072264016129,-87.8800571117003,21.4572739849851,69.4088731779809,-118.28359991489,0
2409.44970488668,2398.1068302341,-4253.08903860032,-83.8808680106929,1899.14589548067,-1851.95962108489,1730.35839204126,-672.890511320508,-316.777325690615,167.524640210844,676.308197585788,-518.963780953777,441.456890437423,96.4185626472987,338.253991055057,-106.316734388656,64.5374623094726,58.2708097904543,953.709377116598,102.005424784382,343.391864364113,429.634665363761,-385.090044842198,182.604652990121,267.954558739302,-238.831525573818,-206.65421536217,166.032205985253,-49.6321669303888,116.924275860302,80.4924477210385,-213.446811150739,-320.290279631252,-174.531412279668,219.646166770031,134.679077453067,-295.36079084405,-114.423217545413,-108.77504615031,-199.90028517211,546.6687014677,-179.264867702449,51.5677244737348,170.169803353561,-54.8457743371731,147.264262957516,-328.682762923276,0
5027.17973419203,2056.5601974793,-263.256080091366,1036.87446474401,-560.184896434274,-49.7405444795954,-536.653808744045,226.951980883819,-359.016336413908,-223.916344663387,-725.426127969317,-68.8490062095696,-315.541621178045,-110.097380685667,230.955599665542,418.758412297586,-387.586799649047,71.5794844862034,-583.105694402479,3.1047490761766,-103.933698573955,273.189229174945,96.5856239143668,-285.835539609081,118.724614056416,-124.549660315435,-149.125154243099,-51.6111663726705,165.511271727191,244.695900005236,-226.853970308508,-133.770221098782,-2.66403017160681,-239.545008754132,159.853574712909,47.044115598137,-8.50394294556096,9.0657972081537,94.1796925785055,249.010383072134,75.6250275493102,-123.529861461819,38.9381767147619,-320.98756264907,-260.55095981942,189.550389949636,38.9671903124649,1
-4829.43520538783,1148.35374705944,530.786234325569,-206.892261864829,-871.283160681484,-530.440500517311,936.852971948086,407.212683732303,-409.089381618361,-945.063340066494,53.7366013794715,-799.903574842067,-7.83134188100876,478.516314404059,105.739926037444,-91.2681455357066,152.998815401767,183.001297309263,-67.0849779830573,38.6328244372267,127.31574216727,-392.066040479892,-39.2790207313096,43.8302535827694,57.3121998785735,97.9242529906265,240.808833717653,-23.9819608100743,179.949223708765,-26.5339238066362,-45.9043849841874,27.5959415380959,-52.272321513673,-252.867084359138,-149.76046214154,-31.3269371988843,-161.484812521912,-52.8836517967704,3.0964180409685,-108.187189270579,57.6270477856124,-169.75366598268,54.8378265863279,70.4845258738119,111.45585308841,142.592824734071,-40.9232052954746,0
3440.04364760246,1432.31797979073,3179.16135958741,-280.136857395716,1327.1229158355,-165.907280456133,1053.98146446184,-145.328821550213,560.501729987415,70.9804953735311,-388.795345819789,-196.059132863702,377.544787575581,412.613059648265,175.207772453673,399.556493864675,-54.6446599260259,372.157469824541,139.377498994263,-2.22072003070304,453.081908764311,240.836395860292,-414.309567415791,-195.733858639707,272.760013857606,130.56432401824,253.964253500243,190.933817294598,-419.736999182741,161.879520724012,56.6665620935362,-195.817262782016,173.404511668696,154.648876739084,-67.0334849493576,-173.808129967127,152.555495296261,-156.863271570955,437.450136307079,-315.754770636804,31.4899476315347,-10.6951314131115,-80.6034053932887,-54.2054699710124,140.765445422621,-244.543010488933,-123.293289202844,0
2137.91877026878,-4666.94749781071,-232.297136477518,-902.979065742718,320.231720250685,-81.8166069258017,-181.84067689834,-213.2708654104,341.471796289868,-370.09719550891,238.969310654561,-7.20000963439071,345.853269888413,64.6764457257679,-501.056385237232,-21.6653171959866,-310.559152911721,-112.676804348168,-382.554636387832,317.227985447382,333.106007619711,195.272943889978,-144.777307930828,-252.798947575736,-102.107285964252,-114.897880308794,108.10377772942,236.435819491809,282.217146236702,94.1292013274399,210.374617180876,223.957173930175,-51.3248633008095,195.031543526455,-52.9700367381697,57.1657811475207,-22.1908973208169,42.2640675786941,-281.486213791851,2.08648442740293,201.416659744309,64.0423378740367,-0.583112595509441,133.220636878659,66.0387059148744,180.346827138376,123.424343111362,1
-5221.31329538648,890.399450640366,-482.325263645183,230.07931723067,656.564747338127,148.710636335195,-495.31942097855,308.797960738165,224.175081873405,-332.181044050844,-705.372905301182,-430.339708800268,-245.858453378051,157.659934248251,-611.71093283144,-31.4377446729532,94.1796383156393,-11.4388318612689,115.980803639756,118.860668329376,-162.972613510099,9.1355736878536,-255.124215698848,-245.070933485802,-283.365444592095,-29.759579047272,-52.0192894385356,61.1812260043481,-57.8778893201482,-2.4818240877144,-108.620828794222,73.0206198191706,26.6884424148176,-302.874605996717,120.276375520012,37.7575010934643,-53.55694688141,208.289237781399,-103.942139027787,-15.3001045271515,-62.0356230184602,61.9451379914984,71.7089678843782,-34.5084310593799,21.9798398671423,21.1623741336101,-24.9194320996257,1
921.432752888901,-5124.12923250953,-61.4847522078707,-12.3943760885137,85.2797618753011,705.55129493349,-263.774078112974,-1419.62811236731,-203.03841314034,-279.855948835334,408.903678784667,-102.902216645999,-205.553339425447,-2.1486559684718,45.9962592111822,-86.778704672234,102.112053895496,-8.18441235086778,-250.77784534654,-78.1110045576296,649.221793777335,103.722171975723,-541.575342383003,-193.899292894444,-29.6403757814076,385.666163305504,212.213995498466,193.978319138047,-206.465380114679,181.298766716512,-136.260925108848,230.656113453059,-272.205509067282,-70.9300919983688,-22.7597256847485,113.136716410707,28.6019688751652,-86.4500165272686,87.5921632122232,-68.4179490238896,-93.0383802412867,71.6896423857832,196.991010327544,132.14832298531,62.9933748532829,-12.2561996112735,-276.116956388076,1
4860.13746913347,2524.67054286677,-901.779108690575,-1125.61558748781,75.4329798677533,-1440.48448405294,-656.461937225262,-1462.08500864897,-842.369151572084,-82.8231376730832,-90.7454895479286,331.220194064342,33.5818914291506,220.780281555228,303.70569424145,-265.245558045582,206.741691071265,1.49574147778974,418.029278434163,85.373404270461,96.7000029353749,-10.3104869126739,-215.801789243936,45.7034417928861,245.75370644133,-244.444443697783,-9.00456363393486,-20.2677910751709,-210.874266696768,80.2008214317682,-217.858273989584,-50.3429075268327,169.678230311894,-90.3804065244681,130.523690075963,207.584998754585,-80.7955643321838,-99.3151234221294,-120.053844046447,78.5866137803997,320.59619858649,-80.8871256900833,182.585719353317,-17.9615979461908,217.286311799732,-32.7273580147724,-197.661997116984,0
-4160.7780168826,1350.50810241344,1184.72964542408,-811.155998613287,-11.9936117106943,-33.1237779487978,219.354381858837,-199.455957218758,-785.057471105076,-1623.68891635094,558.113862227108,-354.795413725492,-189.940784545335,467.039634218948,-15.2348801182547,599.567561403968,-874.310807041167,-113.407568482983,116.658598813039,-221.816516130674,-107.866387191622,-171.19306068721,16.1404998726599,168.382607085061,-166.020209036055,148.961218578922,-38.0227432489472,50.2177857039452,101.198028604067,-6.28644878727963,-98.163066172144,-18.9200970884648,-25.1941472342346,-23.4877196003686,134.645653699177,181.392512872952,-30.4607683884879,123.286323604876,-50.1500484504702,34.0286717634113,146.6776471884,170.138307533476,11.6304271338508,69.94468842498,-7.10351118421802,-72.2558736128025,111.714710301118,0
-5241.58102532899,931.313140351422,-392.50865379911,126.367585078423,57.7678732969499,-173.485598925752,-488.014670970144,243.63008038448,380.149867083174,804.302720228467,-27.9722675162638,469.347878737455,-125.620687006713,149.099104854164,-44.659636851166,-104.221940492273,141.598613442678,-228.388304326778,-106.735399585686,204.500234961777,-37.3708388149082,94.7794532255106,-167.780423638051,126.918829878031,134.885723619924,95.4248816558261,133.244228923821,218.922349319473,-102.523979354791,119.563979547898,144.733433102552,-46.729525984695,-17.6574396660589,293.452919386807,-99.4569384545244,-71.891629643536,-289.147942209036,-153.254326742532,91.6380572731535,-3.93815189134525,-16.3652661927226,-88.0368686525068,-15.544420750437,-135.245771193839,-97.0143010659421,7.35202956137796,-52.5637488819046,1
-5086.02827230738,1154.59401163776,393.029909436253,480.816593921548,-231.036481101628,-403.784166101312,17.2923930916805,-208.619179599075,-63.7681755752913,-305.019974818228,-551.274059719317,-77.1295473700914,236.831148738727,98.3991823982161,-822.154612309518,-299.336611697161,184.392522238107,377.138779692556,56.3407261060727,-254.223754568703,389.566396766963,-516.634649960358,71.9054733420703,-11.9208628019388,-132.148623766512,231.173144535317,-31.3870061729983,-58.4531895386892,166.557345935587,301.444427564298,125.400292460669,21.9014905261774,-8.58530681075797,-55.1890096964146,175.556641230057,-17.286235091613,-80.0319157501064,91.654774656842,-279.088370152847,150.574285114082,-139.318523481864,55.0850169105894,135.321151093332,-33.725733747172,-173.041082695827,-99.8666387167714,16.137965537928,1
3077.90192742506,1443.45067768866,3256.39459201817,1127.83712763715,1501.71657742453,-369.875102403498,-489.551771370177,-854.97943144602,84.5912260731595,147.990596514433,220.524281976517,25.643255476092,895.110542082685,47.3290975657034,34.7947605503141,-184.148252084766,-41.076143838922,-234.425553616872,-447.34266518061,-599.593413198759,-376.214162898245,-701.553951723637,-33.1504665688381,-830.855379148833,460.717422003734,-124.104514400756,474.007264783213,379.184136987188,-57.3587979939844,-585.830251656944,-298.531670369954,-160.563248586608,-143.196422176026,6.94313989206119,30.637752073268,140.430275967136,-373.675694891253,43.1851252307754,215.18013546403,48.4456058625058,-139.244659943879,-229.753536543884,-7.09352225089998,-62.0382417491482,-67.9410044851993,31.1487979779455,-63.691107864865,0
726.153001468994,-5223.16822458636,-60.6198552106791,-30.0587242795891,45.0219767181868,122.423375342297,405.326468211197,-340.539033831703,290.896545928047,603.016393957784,319.183294089758,-638.172094996687,-481.552126682329,-34.2369995241434,-18.8438830135272,463.211954312669,88.9051611609113,531.947639233759,-343.298939279538,280.635984926902,487.772942867871,25.5880465454534,-182.762016675267,60.3469523434826,37.6752000043284,-248.280160773393,528.589544168075,224.558591118157,-129.339324895978,113.984989392234,95.0131864346467,-289.007675623447,291.512350579369,146.641029840281,118.035672117431,-50.8237751890023,44.6528004542123,-22.2833496292434,-71.2998626004983,182.288595775856,-83.9948278568312,59.779033945132,187.079185141808,229.343132389389,139.154068230881,-86.8526552765255,-40.3796932492269,1
-5150.31179966622,1156.11713721743,-485.423352574807,374.448998064869,11.4119149686868,420.159435323689,-177.466410508407,32.367251309686,-249.012108016241,849.688922749351,-418.204864219412,-221.662653340347,192.629122613766,382.113770417153,355.849638760042,-622.691258102984,-93.5689965619068,87.7547437291744,82.1128382941784,393.69207252092,628.454521705451,-280.476546077943,234.503474427888,-359.779176599202,55.4222943239542,0.376100632633142,-241.605713348686,-31.2355853930878,-129.976863940084,-38.3184806651931,240.430052224178,98.6398101958895,-114.18394569313,73.1989571225345,-55.2864664650806,-8.87456776179543,70.5042987453652,16.8400188943061,186.566617295902,102.476857739939,-12.1875344881772,-25.5964730459925,166.063099447573,-125.083331949798,-201.0006257488,-55.8024617232345,2.83730425254382,1
1112.67384973486,-5272.44503560003,-373.231766853487,-3.40487722752902,-246.628188583318,68.2194745897815,156.155545126823,243.216568773276,269.857603504652,289.805061636686,-221.256434292134,76.2960464434331,137.187843435722,293.91900715634,-139.30903658412,182.877889280269,-212.778727282125,264.681733852151,-11.7415555682549,65.0835628156403,-191.753126888227,39.8817661888696,-175.015025049534,3.75199808687911,-217.820603939742,-160.899889500885,209.23639369561,-144.531913892397,165.44946836714,205.551018309537,276.172305292465,-54.0726712436381,-151.977968855004,11.0315513069058,-13.0145117328468,-103.184220537714,125.768250934144,45.7697423796618,230.592732208326,172.979160117084,125.611483313713,119.887933063229,-49.1250334073349,58.7453888145407,-8.44740189460891,-162.891043346166,-127.27105161459,0
2237.59662486869,1255.6235772965,1489.66902889882,1863.5380959173,1327.74036198067,230.435479046129,1664.8983385812,-478.347686065152,-895.662848964958,606.356849713451,264.415596638308,32.2522640928843,596.402791768661,141.945781802204,-571.954313213683,199.571603656782,-513.898994752639,46.3331906706999,-256.963838869595,-524.367998995872,28.6539474242738,-526.163620122092,-424.727159874634,-420.844493416321,180.693514524693,-454.961910189333,286.288005143205,136.204762482677,-303.589225374885,-287.476673317623,-67.8876804298954,36.4715661949032,-87.338203635058,-70.6736928574499,244.957508782359,-204.262151533039,-121.311593194302,102.79285415836,-115.782157898723,-175.578111573259,36.5708170441334,25.5654407354694,-359.748834031911,-174.443630302847,-150.059103288484,-103.49773038536,48.4931908366166,0
-4570.73561887353,1278.71410719161,591.154541348927,-839.859623503932,579.136134471726,645.611725622715,244.894333594455,316.539305203896,-541.827534914062,-1317.39013255612,99.9960227162187,-350.577231020856,-129.304360054987,-175.305609010536,-55.1212096908562,399.498882324554,-143.481976477274,117.844660209412,134.276404755508,142.101305892208,-395.872669350023,-12.6335481523354,-147.767345663674,-96.4041682593935,-122.534297801028,-177.50232983144,-23.0357369143765,203.545197635668,-177.475545792987,-71.3546330131017,-226.002295212545,-40.1009008024711,-122.729680146741,-175.619694745711,-4.40089504874351,-8.32271098979707,-14.5478875579072,-68.1380477538595,34.7141231653059,0.0766242072284835,129.077665960536,106.72578175265,-47.9777768668703,233.685351315033,26.5056234283758,18.0717556774722,132.199517291653,1
4841.51987269989,1809.37840593888,2352.39454516771,150.847334735209,-212.136442048507,504.45638922996,-8.97286814465524,428.745092836677,245.128531446531,-88.5219819764214,-632.594268242137,157.098675529153,-50.2870855973957,-16.7237072276139,330.866608973423,-42.2077547573793,130.057439207219,-56.9203805728737,-235.524085449065,-54.2395717353477,317.548308820027,149.796022327621,1.55549815517492,-219.788036399271,186.437981554017,21.8065921852154,134.342006540332,-2.93340699979692,50.189325368195,157.442936995063,-226.53360660557,-371.071152130191,-234.638107458504,-36.6413258319975,127.859780024265,13.7633451180288,-207.750573437916,80.2179546534903,46.1663084863987,-55.750504222727,96.3214580252573,-244.251192061078,-63.5752997146337,-11.9036124428307,-119.919300679499,-196.056396292043,-9.4640129236085,0
-4854.26260465971,1226.02412259166,255.07806285408,-264.514524647177,-1054.78663784685,-712.851989382271,944.347478599717,224.64397908604,-116.181677712203,-646.904772813649,201.376259155537,-783.88890206014,214.412094637821,561.932477947881,111.511656604585,-21.1488461735375,79.7252806448022,-102.245567668666,-46.4706590560771,25.5427346239719,-27.9643365465362,-452.50716928278,108.89078769533,21.2018305009551,161.413239493088,40.7637084428237,317.006775849638,50.586216292169,277.156685245997,-66.353117140395,-90.9384971547244,-1.54541751231021,98.5225668612078,-178.987258982875,-83.1115709782628,74.4615122678811,-4.63633675315918,97.0801188947796,-106.595567769622,40.2943417358769,268.342142948191,-40.2686084966683,-145.041518895085,85.0110445513578,-18.0225471447069,73.0578726339485,89.7861540578541,1
313.17694906914,-5267.86400255315,495.513408952766,-179.518823306057,471.958586246806,541.103444681493,428.623377465807,-928.802024226823,-88.6085772092706,582.194151385676,-82.811232212208,-1062.86001463381,-755.713506790949,-545.441319657688,30.3186394206032,56.0150650527576,92.0937919678713,-205.597804037061,-199.072575573133,-141.895941092819,131.40938036905,-188.930318719691,-103.793523945399,201.782436564173,-99.5523002347902,-70.6155872313689,179.648955958094,-197.334670795651,-90.6198679959173,34.6143592483737,-140.085776168836,245.874615071018,328.757892022997,-19.1064667835899,384.5649193967,-182.814586455191,282.217309959824,-232.122427286184,296.305031689356,217.300944132929,288.422026943878,-203.945985736539,68.7983551612419,-56.1983757833514,14.655229873893,-35.2665427119604,-68.6282375833369,1
-5267.18024773559,1198.50735791527,-358.742103890698,166.78391378083,92.5217621194923,5.27591606002301,-505.147377764222,11.1888121267413,273.377147851894,396.644261871902,-204.965169136107,292.604548902749,34.7242976211486,-162.542441237684,-411.991100480934,-62.1889512800765,37.1345895175678,36.3911881537064,-99.5998609738224,-315.073772526088,-96.5869023816472,-176.604776487667,-3.6560296522831,-280.530362877216,-458.372731747131,26.4700839304015,-96.6529004722305,157.947714708074,257.004466670086,19.5218958773926,-53.3823378972887,-105.380831053231,129.808171419941,-33.558969365322,420.916594611208,-4.52242665466696,224.288311586137,192.159203043415,-253.677737598902,218.560366134914,114.585583630368,-176.708858704486,262.187968164315,-162.534721890099,42.2224915624488,13.8024612862006,42.2999206948315,0
5455.49147031857,2519.80505650571,39.4058493759322,-2177.91640320641,1278.26841587431,-2401.03649671352,-70.1773527511289,-598.457112985207,-173.695342826997,194.635012950059,82.8226743900167,-40.6205097857969,286.318300943546,-266.798762094487,603.838707253676,-432.912741878728,-107.204978224897,480.944867571053,860.634409348532,319.228971384939,-244.285998040837,136.909322075454,-224.050076832191,46.2507676109692,-149.307702575409,234.774433214298,182.40822348876,-24.4490580882363,101.124607157389,39.0905778502695,-286.356652459437,-103.481167636727,-397.771799349468,-391.923736968317,108.277920749323,-125.990215708863,-453.984008858858,22.4370988688631,-1.26493661057214,-78.3226691334143,139.843099475878,-45.0136183275724,72.6735848973182,-198.164605363714,197.876099727549,-89.15932835829,-187.931939060977,0
4118.32632740918,1957.35115228131,2280.24705848296,1057.56294780041,748.878188010428,-477.357769587575,-100.122836002544,-558.286530571813,299.822384308439,5.76038083817208,-370.214608241549,262.777463934935,-50.0489706524923,108.386547366217,328.168433896776,102.164932432427,-59.0736282534398,-264.361426523156,-581.366845557015,576.460318117555,-339.511133080587,191.262739162654,4.50383337763034,-237.208572009594,488.022953506233,53.7021938520917,-286.58476260789,-639.765047406453,61.9031598495719,619.050170179496,-849.257041653227,124.257652731305,-177.784963797013,-156.527873325754,82.3529442588791,1.23654403637714,-605.325712974096,-45.2772084671261,-94.9447298524628,265.631443577135,59.0363201169759,105.878157672192,342.804105133283,-338.125610979609,-231.072511786475,-76.7329107077891,-291.531419087892,0
965.641583007169,-5495.06265293589,-1219.21217617833,-201.74309305138,-120.849660244261,200.910892025691,-142.281168035671,47.5056631551005,-112.249591434995,-121.148747361888,284.535300175048,-349.24412312869,464.86302071073,-410.199993582535,-497.185691581887,-544.660330298424,-330.032216629792,-314.566195630104,-247.094331727794,55.8762572536804,160.910668774327,137.929338525065,-287.705353086163,99.5758914616531,2.12993106949985,417.072262235302,-259.719332724994,86.0006868356716,85.9046061764742,-86.6239205387378,-401.6436679871,123.667326557855,-280.000506141231,51.9391338200095,-169.058370331731,231.512348929455,197.510029370798,44.6618279367562,-80.2812031321438,226.731187580646,-50.9667430576621,29.8323295942536,-217.371873703007,26.4928828920524,49.6429586783017,-28.3432820278303,233.391202962972,1
203.077120786843,-5536.40446457738,15.5336672323212,314.969784649604,-27.1901994837745,19.8452193267421,410.740072927179,-322.792553734106,66.1486832527202,787.672394135769,119.044985371061,-735.721197714441,-663.199320414988,-109.880183201236,73.4829076928164,438.875941824832,213.888223017219,208.747087675358,-206.191522109641,68.6111329590687,221.451296025301,-110.18329783944,-2.8969036669441,156.502672109309,-34.1836166826226,-98.9490587907945,266.975820014566,128.294521071205,-92.7150031328061,34.3722426339043,46.8429112191296,-252.415908110782,331.687782082166,-129.749509151399,23.3663646380949,-86.5814117641061,4.85928300952607,-50.2691717523345,6.3222464081916,41.1595117244898,-161.45272095787,144.53759554263,404.583125242503,299.765656330249,7.26209623208312,-76.2799569102439,-100.968686267516,1
1241.40676724252,-5376.57094588925,48.209790402477,267.408167228627,-109.809242600012,416.546571300795,-120.932586623894,-568.894819728072,-147.591695168851,-227.934843909204,-328.277808959198,191.530899347314,32.2142786326175,-11.9213574878888,8.08339076778032,-192.474514280678,-140.06607505305,-299.994971032442,-8.49233713380135,4.18882720165708,164.409350244937,130.837348484184,56.0414586680587,14.7095506172045,59.3970761782387,194.621501417192,-115.271461554233,272.775704542877,101.551128762548,43.4584849186956,-62.1712482201906,142.26063869731,-172.689878919125,-193.202953394386,51.2190793816483,-122.581204854489,157.49783537176,-70.1639449386032,128.492256066795,-40.0502335683879,59.9889220355533,-62.2541809123088,-35.1289140504469,17.7762638490839,-118.606058952505,58.7229010172437,-215.903020642904,0
